id,first_name,last_name,email,gender,country
1,Barrie,Artus,bartus0@unesco.org,Female,Philippines
2,Kyle,Peracco,kperacco1@symantec.com,Female,Syria
3,Herman,Crossby,hcrossby2@ow.ly,Male,Indonesia
4,Bridget,Marusic,bmarusic3@rediff.com,Female,United Kingdom
5,Cherlyn,Fitzmaurice,cfitzmaurice4@discovery.com,Female,Colombia
6,Sherri,Greaser,sgreaser5@omniture.com,Female,Poland
7,Gerardo,Bofield,gbofield6@huffingtonpost.com,Male,Indonesia
8,Harlin,Sommerscales,hsommerscales7@chron.com,Male,France
9,Editha,Phipp,ephipp8@ebay.co.uk,Female,Kenya
10,Ulrike,Polack,upolack9@weebly.com,Female,China
11,Saraann,Drewitt,sdrewitta@springer.com,Female,United States
12,Shelton,Stonhewer,sstonhewerb@slate.com,Male,Indonesia
13,Lorrie,Peggs,lpeggsc@phoca.cz,Male,Russia
14,Cos,Mash,cmashd@ask.com,Male,Canada
15,Marcellina,Stoute,mstoutee@blogger.com,Female,Ivory Coast
16,Val,Edelheid,vedelheidf@cbslocal.com,Male,United States
17,Towney,McLarty,tmclartyg@blog.com,Male,Portugal
18,Vittorio,Sellek,vsellekh@marriott.com,Male,Indonesia
19,Raynell,Arend,rarendi@utexas.edu,Female,Brazil
20,Thorsten,Neads,tneadsj@rambler.ru,Male,China
21,Andrei,Streeten,astreetenk@purevolume.com,Female,Uzbekistan
22,Jodie,Rainbow,jrainbowl@uiuc.edu,Female,Philippines
23,Adel,Yablsley,ayablsleym@studiopress.com,Female,Indonesia
24,Elliott,Lavalde,elavalden@cornell.edu,Male,Indonesia
25,Myrvyn,Lourens,mlourenso@cnn.com,Male,Netherlands
26,Jefferey,Tuplin,jtuplinp@ebay.com,Male,China
27,Casey,Dutt,cduttq@xrea.com,Female,Portugal
28,Timothee,Laverack,tlaverackr@goo.gl,Male,Indonesia
29,Mariele,Coghill,mcoghills@bloglovin.com,Female,China
30,Irving,Brisse,ibrisset@ebay.co.uk,Male,Philippines
31,Byran,Stanluck,bstanlucku@nifty.com,Male,China
32,Edouard,O'Cahill,eocahillv@bravesites.com,Male,Russia
33,Melvin,Wharin,mwharinw@unblog.fr,Male,Portugal
34,Sula,Messingham,smessinghamx@intel.com,Female,Czech Republic
35,Ines,O'Dowd,iodowdy@domainmarket.com,Female,Uruguay
36,Gun,Melody,gmelodyz@taobao.com,Male,Portugal
37,Kaiser,Laxson,klaxson10@bloomberg.com,Male,Philippines
38,Vallie,Czajka,vczajka11@macromedia.com,Female,Poland
39,Dallon,Kershow,dkershow12@phpbb.com,Male,Sweden
40,Rebecca,Godbold,rgodbold13@tinypic.com,Female,Belarus
41,Elfrida,Garnall,egarnall14@seesaa.net,Female,Afghanistan
42,Buckie,Soppit,bsoppit15@washington.edu,Male,Russia
43,Rudolph,Sturrock,rsturrock16@newsvine.com,Male,Vietnam
44,Onofredo,Beales,obeales17@ihg.com,Male,Brazil
45,Terrie,Aynscombe,taynscombe18@scientificamerican.com,Female,China
46,Zsazsa,Bartzen,zbartzen19@fc2.com,Female,Ukraine
47,Nathanial,Follett,nfollett1a@slashdot.org,Male,Poland
48,Arturo,Perschke,aperschke1b@aol.com,Male,Indonesia
49,Anne-corinne,Tindall,atindall1c@paginegialle.it,Female,Thailand
50,Francine,Clawson,fclawson1d@hao123.com,Female,China
51,Dmitri,Guilfoyle,dguilfoyle1e@bloglines.com,Male,Russia
52,Rosita,Hanwell,rhanwell1f@cdc.gov,Female,Netherlands
53,Thorstein,Brissenden,tbrissenden1g@livejournal.com,Male,Indonesia
54,Adara,Valeri,avaleri1h@google.ca,Female,China
55,Georas,Kilford,gkilford1i@mtv.com,Male,Morocco
56,Nerissa,Lilliman,nlilliman1j@nps.gov,Female,China
57,Bobby,Perrone,bperrone1k@go.com,Female,China
58,Vitia,Oles,voles1l@wsj.com,Female,Republic of the Congo
59,Austen,Doghartie,adoghartie1m@4shared.com,Male,Poland
60,Berthe,Ayliff,bayliff1n@surveymonkey.com,Female,China
61,Lona,Lensch,llensch1o@reuters.com,Female,Spain
62,Daniella,Degg,ddegg1p@hubpages.com,Female,Vietnam
63,Carolyne,Palk,cpalk1q@deliciousdays.com,Female,China
64,Dena,Tournay,dtournay1r@newsvine.com,Female,Togo
65,Barbra,Hargess,bhargess1s@github.com,Female,France
66,Ginnie,Organ,gorgan1t@jiathis.com,Female,Niger
67,Deerdre,Barstock,dbarstock1u@mysql.com,Female,Croatia
68,Graham,Mowett,gmowett1v@cnbc.com,Male,Yemen
69,Ebony,Manwell,emanwell1w@businessweek.com,Female,China
70,Correy,Thebeaud,cthebeaud1x@a8.net,Male,Colombia
71,Ethelbert,Matejovsky,ematejovsky1y@berkeley.edu,Male,Portugal
72,Chet,Osborn,cosborn1z@yolasite.com,Male,China
73,Haskel,Freyn,hfreyn20@jalbum.net,Male,Argentina
74,Jacinta,MacCourt,jmaccourt21@wsj.com,Female,China
75,Devy,Krysiak,dkrysiak22@sfgate.com,Male,Russia
76,Andi,Filipov,afilipov23@people.com.cn,Female,United Kingdom
77,Hilton,Wand,hwand24@list-manage.com,Male,France
78,Callean,Fernanando,cfernanando25@comcast.net,Male,Philippines
79,Konrad,Andreichik,kandreichik26@fema.gov,Male,Canada
80,Angil,Rehn,arehn27@columbia.edu,Female,Philippines
81,Madlen,Cockell,mcockell28@prweb.com,Female,Jamaica
82,Germana,Vernon,gvernon29@is.gd,Female,Russia
83,Ronda,Upton,rupton2a@bigcartel.com,Female,Malawi
84,Solomon,Nason,snason2b@canalblog.com,Male,Uruguay
85,Udell,Kondratovich,ukondratovich2c@spotify.com,Male,Philippines
86,Isidoro,Rouzet,irouzet2d@uiuc.edu,Male,Canada
87,Mirna,McCutcheon,mmccutcheon2e@livejournal.com,Female,France
88,Tawsha,Runnacles,trunnacles2f@netscape.com,Female,China
89,Francoise,Denkin,fdenkin2g@altervista.org,Female,Brazil
90,Joachim,Haruard,jharuard2h@people.com.cn,Male,Indonesia
91,Edmon,Hatherley,ehatherley2i@printfriendly.com,Male,China
92,Judie,Phillcox,jphillcox2j@freewebs.com,Female,Ukraine
93,Alvin,Damsell,adamsell2k@nih.gov,Male,Malaysia
94,Bettina,Crellin,bcrellin2l@washingtonpost.com,Female,Mongolia
95,Silvie,Broun,sbroun2m@icq.com,Female,Greece
96,Lars,Banes,lbanes2n@vinaora.com,Male,Indonesia
97,Franni,Normington,fnormington2o@accuweather.com,Female,Czech Republic
98,Orland,Airdrie,oairdrie2p@wikimedia.org,Male,Senegal
99,Leroi,Forson,lforson2q@pagesperso-orange.fr,Male,South Africa
100,Ernst,Blase,eblase2r@privacy.gov.au,Male,Philippines
101,Leeanne,Seamon,lseamon2s@sun.com,Female,France
102,Shurlocke,Quinnelly,squinnelly2t@behance.net,Male,United States
103,Nicholas,Cluett,ncluett2u@toplist.cz,Male,Argentina
104,Emogene,Newens,enewens2v@weibo.com,Female,China
105,Kristine,Realff,krealff2w@nhs.uk,Female,Indonesia
106,Dwayne,Hewins,dhewins2x@europa.eu,Male,Saudi Arabia
107,Ivette,Lober,ilober2y@princeton.edu,Female,Poland
108,Juline,Biggs,jbiggs2z@newyorker.com,Female,China
109,Gris,Grichukhanov,ggrichukhanov30@nytimes.com,Male,Peru
110,Elvina,Belz,ebelz31@wikimedia.org,Female,Egypt
111,Elbertine,Forkan,eforkan32@phoca.cz,Female,Russia
112,Cass,Kimbly,ckimbly33@craigslist.org,Female,Costa Rica
113,Lorena,Koch,lkoch34@usatoday.com,Female,Philippines
114,Byron,Pfeuffer,bpfeuffer35@phpbb.com,Male,China
115,Skelly,Greydon,sgreydon36@buzzfeed.com,Male,Guatemala
116,Vic,McRorie,vmcrorie37@washingtonpost.com,Male,Philippines
117,Krystalle,Vala,kvala38@sciencedaily.com,Female,Ukraine
118,Leland,Geraudel,lgeraudel39@oracle.com,Female,Bosnia and Herzegovina
119,Giustina,Tytherton,gtytherton3a@bandcamp.com,Female,Canada
120,Katrina,Cossey,kcossey3b@goo.ne.jp,Female,Ukraine
121,Vittorio,Lockyer,vlockyer3c@wikia.com,Male,China
122,Wylma,Spybey,wspybey3d@alibaba.com,Female,Indonesia
123,Fayina,Acome,facome3e@cocolog-nifty.com,Female,Argentina
124,Clim,Bumpas,cbumpas3f@infoseek.co.jp,Male,Poland
125,Park,Flaunders,pflaunders3g@dedecms.com,Male,Ukraine
126,Desiri,Betteney,dbetteney3h@globo.com,Female,Philippines
127,Tallie,Basant,tbasant3i@bbb.org,Male,Colombia
128,Saundra,Holehouse,sholehouse3j@slate.com,Male,Indonesia
129,Barbabas,Domeney,bdomeney3k@dedecms.com,Male,China
130,Vania,Letch,vletch3l@qq.com,Female,Russia
131,Elnore,Eubank,eeubank3m@sohu.com,Female,Argentina
132,Upton,McClary,umcclary3n@chron.com,Male,China
133,Ravi,Chark,rchark3o@jigsy.com,Male,China
134,Millard,Hearnshaw,mhearnshaw3p@prlog.org,Male,Indonesia
135,Markos,Bettenay,mbettenay3q@icq.com,Male,China
136,Elysha,Andriss,eandriss3r@wordpress.com,Female,China
137,Rodger,Pomphrey,rpomphrey3s@jimdo.com,Male,France
138,Kari,Sommerling,ksommerling3t@joomla.org,Female,Russia
139,Eddie,Agate,eagate3u@statcounter.com,Female,China
140,Milli,Roggeman,mroggeman3v@blogspot.com,Female,China
141,Wald,Olorenshaw,wolorenshaw3w@1und1.de,Male,Greece
142,Caril,Champ,cchamp3x@spotify.com,Female,Argentina
143,Corrie,Micheli,cmicheli3y@sun.com,Male,East Timor
144,Antonietta,Dibdin,adibdin3z@clickbank.net,Female,China
145,Shirline,Betham,sbetham40@studiopress.com,Female,China
146,Todd,Filipov,tfilipov41@theguardian.com,Male,Maldives
147,Fredrick,Mulvy,fmulvy42@godaddy.com,Male,Brazil
148,Dorelle,Joscelin,djoscelin43@bizjournals.com,Female,Sweden
149,Walden,Pactat,wpactat44@salon.com,Male,Democratic Republic of the Congo
150,Gaven,Whitelaw,gwhitelaw45@pagesperso-orange.fr,Male,France
151,Cullen,Postle,cpostle46@toplist.cz,Male,Mexico
152,Elwira,Crees,ecrees47@nyu.edu,Female,Honduras
153,Willow,Goldsack,wgoldsack48@sakura.ne.jp,Female,Russia
154,Florenza,Rowlings,frowlings49@msn.com,Female,Ukraine
155,Edwin,Rymell,erymell4a@hp.com,Male,Croatia
156,Alwin,Colum,acolum4b@scribd.com,Male,Colombia
157,Pall,Manion,pmanion4c@lulu.com,Male,Indonesia
158,Aveline,Engelmann,aengelmann4d@irs.gov,Female,Belarus
159,Cherlyn,Imesen,cimesen4e@army.mil,Female,Colombia
160,Jami,Noorwood,jnoorwood4f@spiegel.de,Female,Japan
161,Marchelle,Walbridge,mwalbridge4g@amazon.de,Female,Cape Verde
162,Claudia,Belch,cbelch4h@tumblr.com,Female,China
163,Tann,Trail,ttrail4i@google.it,Male,Colombia
164,Aurie,Callf,acallf4j@accuweather.com,Female,Philippines
165,Starlene,Calbrathe,scalbrathe4k@arstechnica.com,Female,Uruguay
166,Joshuah,Dessant,jdessant4l@123-reg.co.uk,Male,Bolivia
167,Thorvald,Snazle,tsnazle4m@baidu.com,Male,Gambia
168,Burch,Keilty,bkeilty4n@gov.uk,Male,Poland
169,Tynan,Ranger,tranger4o@dailymail.co.uk,Male,China
170,Fredric,Dealtry,fdealtry4p@ft.com,Male,Albania
171,Sari,Goundsy,sgoundsy4q@histats.com,Female,Philippines
172,Adrienne,Legrand,alegrand4r@hp.com,Female,Russia
173,Penny,Andrzejczak,pandrzejczak4s@google.ru,Male,China
174,Caspar,Rimmer,crimmer4t@creativecommons.org,Male,Philippines
175,Catlaina,Tivolier,ctivolier4u@canalblog.com,Female,Indonesia
176,Myriam,MacAllen,mmacallen4v@constantcontact.com,Female,Russia
177,Dorie,Galsworthy,dgalsworthy4w@t-online.de,Male,Russia
178,Court,Everest,ceverest4x@loc.gov,Male,Comoros
179,Arda,Billyard,abillyard4y@google.com,Female,Brazil
180,Stirling,McAnellye,smcanellye4z@webs.com,Male,Philippines
181,Mignonne,Naisby,mnaisby50@ft.com,Female,Indonesia
182,Ephraim,Wiszniewski,ewiszniewski51@odnoklassniki.ru,Male,China
183,Wendell,Whisson,wwhisson52@mapquest.com,Male,China
184,Trumaine,Yannoni,tyannoni53@telegraph.co.uk,Male,Bulgaria
185,Alice,Exell,aexell54@tiny.cc,Female,Moldova
186,Waldemar,Dobsons,wdobsons55@dailymotion.com,Male,Ireland
187,Ardeen,Cutbirth,acutbirth56@wunderground.com,Female,Czech Republic
188,Gunner,Kelberman,gkelberman57@ibm.com,Male,China
189,Gaspard,Tinan,gtinan58@histats.com,Male,Indonesia
190,Boothe,Morgon,bmorgon59@sohu.com,Male,Brazil
191,Derward,Bermingham,dbermingham5a@arstechnica.com,Male,Russia
192,Cirillo,Meharg,cmeharg5b@squarespace.com,Male,Niger
193,Crosby,Kasperski,ckasperski5c@wordpress.com,Male,Palestinian Territory
194,Hollie,Hadfield,hhadfield5d@creativecommons.org,Female,United States
195,Anissa,Cainey,acainey5e@bigcartel.com,Female,Indonesia
196,Sumner,Teager,steager5f@g.co,Male,Syria
197,Lucio,Frangleton,lfrangleton5g@weebly.com,Male,China
198,Suzie,Klementz,sklementz5h@nhs.uk,Female,China
199,Rafe,Phillps,rphillps5i@lulu.com,Male,Laos
200,Elnore,Roony,eroony5j@mac.com,Female,Chile
201,Juan,Spurdens,jspurdens5k@google.de,Male,Madagascar
202,Candi,Heaysman,cheaysman5l@ning.com,Female,Peru
203,Annelise,Learoid,alearoid5m@indiatimes.com,Female,Sweden
204,Trey,Lowde,tlowde5n@wunderground.com,Male,Portugal
205,Dennis,Pfeffle,dpfeffle5o@bing.com,Male,Indonesia
206,Demetri,Killelay,dkillelay5p@google.com.au,Male,Colombia
207,Courtnay,Croisdall,ccroisdall5q@rambler.ru,Male,Thailand
208,Salvidor,D'Agostino,sdagostino5r@washingtonpost.com,Male,Yemen
209,Padraig,Ricarde,pricarde5s@dyndns.org,Male,Japan
210,Malvina,Kobus,mkobus5t@issuu.com,Female,Argentina
211,Fraze,Dinnington,fdinnington5u@sciencedirect.com,Male,Canada
212,Rowan,Ipsly,ripsly5v@soundcloud.com,Male,Sweden
213,Edmon,Grabeham,egrabeham5w@rakuten.co.jp,Male,Indonesia
214,Kellen,Stoggles,kstoggles5x@google.nl,Female,Malaysia
215,Eugene,McVaugh,emcvaugh5y@cnbc.com,Male,Belarus
216,Shannen,Gunter,sgunter5z@wix.com,Female,Philippines
217,Clemente,Lymbourne,clymbourne60@dailymotion.com,Male,Brazil
218,Shawnee,Scrannage,sscrannage61@devhub.com,Female,Colombia
219,Murry,Bierton,mbierton62@wikipedia.org,Male,China
220,Wendel,Yelding,wyelding63@delicious.com,Male,Vietnam
221,Rhianon,Jeanes,rjeanes64@a8.net,Female,Ireland
222,Demetris,Mathen,dmathen65@meetup.com,Male,Portugal
223,Theo,Vasilyev,tvasilyev66@bluehost.com,Male,Yemen
224,Clerc,Crayke,ccrayke67@vinaora.com,Male,China
225,Charmian,Giorgioni,cgiorgioni68@economist.com,Female,China
226,Tyrone,Paffley,tpaffley69@shop-pro.jp,Male,Palestinian Territory
227,Ianthe,Rivalant,irivalant6a@examiner.com,Female,United States
228,Hyatt,Baldi,hbaldi6b@simplemachines.org,Male,Finland
229,Teddie,Kemmons,tkemmons6c@yelp.com,Male,Japan
230,Vivia,Golthorpp,vgolthorpp6d@1688.com,Female,Japan
231,Nevin,Hansed,nhansed6e@1688.com,Male,China
232,Kelbee,Stennett,kstennett6f@wix.com,Male,Indonesia
233,Nanine,Lumby,nlumby6g@omniture.com,Female,Yemen
234,Bert,Pactat,bpactat6h@epa.gov,Male,China
235,Di,Di Biagi,ddibiagi6i@dedecms.com,Female,China
236,Parry,Kovalski,pkovalski6j@a8.net,Male,Brazil
237,Rebeca,Arrighetti,rarrighetti6k@reuters.com,Female,Ireland
238,Daisey,Whewell,dwhewell6l@last.fm,Female,France
239,Greg,Mitkov,gmitkov6m@washington.edu,Male,Mexico
240,Roscoe,Dessant,rdessant6n@wufoo.com,Male,Russia
241,Griffin,Bernaciak,gbernaciak6o@multiply.com,Male,Philippines
242,Olivie,Waterhouse,owaterhouse6p@techcrunch.com,Female,Ireland
243,Gunther,Laurence,glaurence6q@shinystat.com,Male,Vietnam
244,Irita,Skilbeck,iskilbeck6r@oakley.com,Female,China
245,Cinnamon,Elsip,celsip6s@simplemachines.org,Female,Mongolia
246,Patience,Adess,padess6t@nationalgeographic.com,Female,Poland
247,Sherwin,McMennum,smcmennum6u@java.com,Male,Colombia
248,Kearney,Snoden,ksnoden6v@dedecms.com,Male,China
249,Mab,Dumblton,mdumblton6w@wordpress.com,Female,Ireland
250,Gardener,Renol,grenol6x@i2i.jp,Male,China
251,Wolfie,Tuison,wtuison6y@t-online.de,Male,Mexico
252,Nana,Bickardike,nbickardike6z@is.gd,Female,Indonesia
253,Andeee,Arnopp,aarnopp70@netlog.com,Female,China
254,Yulma,Fyall,yfyall71@ustream.tv,Male,Argentina
255,Hayley,Adao,hadao72@nature.com,Female,United States
256,Derek,Pollastro,dpollastro73@irs.gov,Male,France
257,Theobald,Davidowich,tdavidowich74@berkeley.edu,Male,Portugal
258,Siffre,Cornell,scornell75@ask.com,Male,Malaysia
259,Isidro,Isack,iisack76@nba.com,Male,Brazil
260,Ava,Paddingdon,apaddingdon77@printfriendly.com,Female,Brazil
261,Chad,Antecki,cantecki78@abc.net.au,Male,Libya
262,Casar,Doughtery,cdoughtery79@xinhuanet.com,Male,Poland
263,Robinet,Pocknoll,rpocknoll7a@ed.gov,Female,Albania
264,Trefor,Buche,tbuche7b@youtu.be,Male,Russia
265,Irving,Grigorio,igrigorio7c@wikia.com,Male,China
266,Yolanthe,Ghelarducci,yghelarducci7d@jalbum.net,Female,Colombia
267,Laurens,Segeswoeth,lsegeswoeth7e@reference.com,Male,Indonesia
268,Tiertza,Mathewes,tmathewes7f@elpais.com,Female,China
269,Drusie,Trunchion,dtrunchion7g@wikimedia.org,Female,China
270,Marcel,Hadingham,mhadingham7h@npr.org,Male,Indonesia
271,Sansone,Doidge,sdoidge7i@abc.net.au,Male,China
272,Bibi,Souness,bsouness7j@instagram.com,Female,Netherlands
273,Minny,Jilliss,mjilliss7k@gizmodo.com,Female,Portugal
274,Justine,Burling,jburling7l@ed.gov,Female,Portugal
275,Novelia,Saile,nsaile7m@umn.edu,Female,Czech Republic
276,Martica,Spleving,mspleving7n@surveymonkey.com,Female,Argentina
277,Andy,De Biasio,adebiasio7o@technorati.com,Male,Uganda
278,Vaughan,Novkovic,vnovkovic7p@reverbnation.com,Male,Indonesia
279,Rosaline,Madre,rmadre7q@jiathis.com,Female,China
280,Poppy,Holehouse,pholehouse7r@myspace.com,Female,South Korea
281,Yvon,Gabits,ygabits7s@dyndns.org,Male,Mexico
282,Jerrie,Paff,jpaff7t@livejournal.com,Female,Russia
283,Si,Meharg,smeharg7u@cnbc.com,Male,Peru
284,Kania,Edgerley,kedgerley7v@parallels.com,Female,China
285,Rutger,Lamperti,rlamperti7w@bbc.co.uk,Male,Uzbekistan
286,Janela,Bowditch,jbowditch7x@cocolog-nifty.com,Female,Japan
287,Felicio,Stetlye,fstetlye7y@huffingtonpost.com,Male,Bosnia and Herzegovina
288,Kerianne,Portriss,kportriss7z@tuttocitta.it,Female,China
289,Olag,Tutton,otutton80@tmall.com,Male,China
290,Sylvester,Ream,sream81@umn.edu,Male,Indonesia
291,Torrey,Seven,tseven82@mail.ru,Male,China
292,Lind,Pavlenko,lpavlenko83@geocities.jp,Male,China
293,Twyla,Lulham,tlulham84@surveymonkey.com,Female,Jordan
294,Gerrie,Miners,gminers85@spotify.com,Female,Indonesia
295,Robbert,Kinsett,rkinsett86@i2i.jp,Male,Indonesia
296,Giulietta,Adelman,gadelman87@qq.com,Female,France
297,Rodd,Roskrug,rroskrug88@scribd.com,Male,Brazil
298,Herminia,Lavielle,hlavielle89@nydailynews.com,Female,Cuba
299,Raymond,MacTrustie,rmactrustie8a@networksolutions.com,Male,Russia
300,Blakelee,Cottey,bcottey8b@alibaba.com,Female,Ukraine
301,Corene,Brimilcombe,cbrimilcombe8c@google.de,Female,China
302,Marylin,Nund,mnund8d@sakura.ne.jp,Female,Russia
303,Cirstoforo,Jacobovitch,cjacobovitch8e@cargocollective.com,Male,Colombia
304,Suki,Wooderson,swooderson8f@elpais.com,Female,Brazil
305,Wynn,Dewar,wdewar8g@usnews.com,Male,Uruguay
306,Kial,Dugget,kdugget8h@icio.us,Female,China
307,Mahmoud,Crosskill,mcrosskill8i@slate.com,Male,China
308,Dunc,Watkiss,dwatkiss8j@home.pl,Male,Indonesia
309,Archibald,Liddyard,aliddyard8k@barnesandnoble.com,Male,Uruguay
310,Blanca,Ricks,bricks8l@about.com,Female,Finland
311,Ronnica,Mottley,rmottley8m@google.com.au,Female,Vietnam
312,Early,Hicklingbottom,ehicklingbottom8n@merriam-webster.com,Male,China
313,Pierce,Collen,pcollen8o@bigcartel.com,Male,Iran
314,Chicky,Isac,cisac8p@hatena.ne.jp,Male,China
315,Evelyn,Hucquart,ehucquart8q@cnbc.com,Male,Ukraine
316,Mack,Davy,mdavy8r@go.com,Male,Moldova
317,Josephina,Ranahan,jranahan8s@infoseek.co.jp,Female,Indonesia
318,Aurlie,Osgodby,aosgodby8t@cdc.gov,Female,Norway
319,Gayler,Conford,gconford8u@biblegateway.com,Male,Sweden
320,Clayson,Casbourne,ccasbourne8v@webs.com,Male,Czech Republic
321,Pate,Hassen,phassen8w@livejournal.com,Male,Greece
322,Maxwell,Eronie,meronie8x@behance.net,Male,Colombia
323,Lorain,Roistone,lroistone8y@sun.com,Female,Yemen
324,Erl,Yitzovicz,eyitzovicz8z@dion.ne.jp,Male,Czech Republic
325,Christiana,Habishaw,chabishaw90@yahoo.com,Female,France
326,Huntington,Feben,hfeben91@hibu.com,Male,Philippines
327,Dorisa,Gration,dgration92@123-reg.co.uk,Female,Ukraine
328,Charlot,Pendergrast,cpendergrast93@hibu.com,Female,Czech Republic
329,Vinnie,Culcheth,vculcheth94@ow.ly,Male,Central African Republic
330,Arty,Cockling,acockling95@jimdo.com,Male,Brazil
331,Burt,Aysik,baysik96@moonfruit.com,Male,Portugal
332,Marcus,Couttes,mcouttes97@youku.com,Male,Indonesia
333,Nicol,Cyphus,ncyphus98@surveymonkey.com,Male,Uruguay
334,Bret,Hellings,bhellings99@webs.com,Male,Japan
335,Hannie,De Hailes,hdehailes9a@pcworld.com,Female,China
336,Maximo,Houndson,mhoundson9b@rambler.ru,Male,Poland
337,Margalo,Stoker,mstoker9c@instagram.com,Female,Poland
338,Suzi,MacAvaddy,smacavaddy9d@scientificamerican.com,Female,Russia
339,Will,Baber,wbaber9e@blogs.com,Male,Brazil
340,Haslett,Burlingham,hburlingham9f@sfgate.com,Male,Brazil
341,Jedd,Loutheane,jloutheane9g@networkadvertising.org,Male,Russia
342,Leif,Bogey,lbogey9h@flavors.me,Male,Indonesia
343,Hetty,Helsby,hhelsby9i@sina.com.cn,Female,Iran
344,Darren,Padmore,dpadmore9j@springer.com,Male,China
345,Christabella,Tomaszewski,ctomaszewski9k@netscape.com,Female,China
346,Matthus,Londors,mlondors9l@bbc.co.uk,Male,China
347,Say,Mebes,smebes9m@elegantthemes.com,Male,Belarus
348,Imogene,Duding,iduding9n@csmonitor.com,Female,Thailand
349,Elysha,Kringe,ekringe9o@privacy.gov.au,Female,Azerbaijan
350,Claudie,Jest,cjest9p@gizmodo.com,Female,Norway
351,Bondie,Lurcock,blurcock9q@smh.com.au,Male,Indonesia
352,Lida,Geindre,lgeindre9r@nytimes.com,Female,China
353,Gardiner,Skoggins,gskoggins9s@arstechnica.com,Male,Indonesia
354,Oran,Spinola,ospinola9t@wisc.edu,Male,Philippines
355,Abran,Kirkbride,akirkbride9u@bandcamp.com,Male,Argentina
356,Armstrong,Janeczek,ajaneczek9v@whitehouse.gov,Male,Armenia
357,Harmonia,Belford,hbelford9w@princeton.edu,Female,Sudan
358,Keir,Dootson,kdootson9x@google.nl,Male,Mexico
359,Newton,Beames,nbeames9y@chron.com,Male,Brazil
360,Felicity,Loble,floble9z@microsoft.com,Female,China
361,Nari,Fabbri,nfabbria0@w3.org,Female,Malaysia
362,Tallulah,Battrum,tbattruma1@google.ca,Female,Ukraine
363,Irving,Thomazet,ithomazeta2@cmu.edu,Male,France
364,Shea,Soans,ssoansa3@usa.gov,Female,Cyprus
365,Nikita,Allenby,nallenbya4@weibo.com,Male,South Korea
366,Irma,Cridlon,icridlona5@cnet.com,Female,Indonesia
367,Ginevra,Crathern,gcratherna6@uol.com.br,Female,Thailand
368,Lindsay,Gladman,lgladmana7@bbc.co.uk,Male,China
369,Niccolo,Corran,ncorrana8@fc2.com,Male,Nicaragua
370,Saree,Chieze,schiezea9@bluehost.com,Female,Norway
371,Baily,Shemmin,bshemminaa@technorati.com,Male,Slovenia
372,Denny,Knutsen,dknutsenab@gravatar.com,Male,Russia
373,Katerine,Vasile,kvasileac@businesswire.com,Female,Japan
374,Elena,Yurivtsev,eyurivtsevad@usatoday.com,Female,Philippines
375,Moise,Geddis,mgeddisae@howstuffworks.com,Male,Indonesia
376,Haleigh,Manz,hmanzaf@state.gov,Female,Brazil
377,Nichols,Faircloth,nfairclothag@macromedia.com,Male,Portugal
378,Afton,Hadcock,ahadcockah@cam.ac.uk,Female,China
379,Ricki,Bond,rbondai@nytimes.com,Female,Mexico
380,Johnathon,Bittany,jbittanyaj@alexa.com,Male,China
381,Lynnell,MacNeillie,lmacneillieak@i2i.jp,Female,Poland
382,Hughie,Guinness,hguinnessal@scientificamerican.com,Male,Indonesia
383,Alisun,Sample,asampleam@artisteer.com,Female,China
384,Royce,Bradwell,rbradwellan@marketwatch.com,Male,Ukraine
385,Lina,Sherrard,lsherrardao@ning.com,Female,Indonesia
386,Lindi,Matisoff,lmatisoffap@thetimes.co.uk,Female,Chile
387,Eunice,Fradson,efradsonaq@howstuffworks.com,Female,Honduras
388,Maryl,Priestman,mpriestmanar@fc2.com,Female,Sweden
389,Clayson,Jansa,cjansaas@instagram.com,Male,Indonesia
390,Helen,McCadden,hmccaddenat@quantcast.com,Female,Burkina Faso
391,Abel,Dreamer,adreamerau@miibeian.gov.cn,Male,China
392,Claire,Monaghan,cmonaghanav@ebay.com,Male,North Korea
393,Korrie,Dykins,kdykinsaw@google.es,Female,Poland
394,Alix,Bazley,abazleyax@arizona.edu,Male,Czech Republic
395,Pooh,Garrelts,pgarreltsay@fema.gov,Male,Philippines
396,Lorne,Look,llookaz@example.com,Male,Sweden
397,Melany,Ascraft,mascraftb0@mtv.com,Female,France
398,Ketti,Lodevick,klodevickb1@wiley.com,Female,Indonesia
399,Benedicta,Elwood,belwoodb2@jigsy.com,Female,Philippines
400,Julia,Garthland,jgarthlandb3@nhs.uk,Female,United States
401,Bevvy,Willmore,bwillmoreb4@harvard.edu,Female,China
402,Jeniffer,Munro,jmunrob5@theatlantic.com,Female,Greece
403,Arturo,Novacek,anovacekb6@cloudflare.com,Male,Philippines
404,Dena,Scroggins,dscrogginsb7@java.com,Female,Tunisia
405,Nickolas,Keast,nkeastb8@imgur.com,Male,United States
406,Giustina,Fancutt,gfancuttb9@businesswire.com,Female,Egypt
407,Romain,Frayling,rfraylingba@thetimes.co.uk,Male,Colombia
408,Mandy,Callendar,mcallendarbb@google.nl,Female,Albania
409,Kenneth,Ethersey,ketherseybc@e-recht24.de,Male,Indonesia
410,Gard,Esp,gespbd@usda.gov,Male,Indonesia
411,Lefty,MacInerney,lmacinerneybe@stumbleupon.com,Male,Poland
412,Jemmie,Abelov,jabelovbf@cbc.ca,Female,China
413,Gladys,Kneel,gkneelbg@intel.com,Female,Belarus
414,Theodora,Normanvell,tnormanvellbh@clickbank.net,Female,Pakistan
415,Rolf,Borrow,rborrowbi@squidoo.com,Male,Poland
416,Rosetta,Chorley,rchorleybj@tiny.cc,Female,China
417,Ham,Veschi,hveschibk@cocolog-nifty.com,Male,Poland
418,Karlee,Merricks,kmerricksbl@sphinn.com,Female,China
419,Raimund,de Bullion,rdebullionbm@devhub.com,Male,Croatia
420,Jeff,Burn,jburnbn@blogspot.com,Male,China
421,Burl,Ulster,bulsterbo@technorati.com,Male,Peru
422,Mamie,Rockwell,mrockwellbp@liveinternet.ru,Female,China
423,Eberhard,Griswood,egriswoodbq@oakley.com,Male,Ukraine
424,Abey,Cornew,acornewbr@flavors.me,Male,China
425,Mindy,Braham,mbrahambs@smugmug.com,Female,Thailand
426,Maddy,Bridgestock,mbridgestockbt@unesco.org,Female,Indonesia
427,Bentlee,Dooly,bdoolybu@arstechnica.com,Male,Chile
428,Elisabeth,Edgerley,eedgerleybv@msu.edu,Female,Mongolia
429,Gwendolen,Cumbers,gcumbersbw@wikipedia.org,Female,China
430,Alyss,Hart,ahartbx@friendfeed.com,Female,Cuba
431,De witt,Harsnipe,dharsnipeby@weebly.com,Male,France
432,Edeline,Maskall,emaskallbz@goo.ne.jp,Female,Greece
433,Torre,Lochhead,tlochheadc0@bandcamp.com,Male,Venezuela
434,Akim,Greenroyd,agreenroydc1@1688.com,Male,Kazakhstan
435,Larisa,Stodd,lstoddc2@chron.com,Female,Poland
436,Delia,Swaden,dswadenc3@over-blog.com,Female,Canada
437,Leo,Mowbray,lmowbrayc4@about.me,Male,Pakistan
438,Irma,Instone,iinstonec5@alibaba.com,Female,Poland
439,Emelen,Rayworth,erayworthc6@dmoz.org,Male,Poland
440,Kiri,Leyband,kleybandc7@unicef.org,Female,United Kingdom
441,Portie,Bidewell,pbidewellc8@boston.com,Male,Portugal
442,Oswell,Worton,owortonc9@un.org,Male,China
443,Jobie,Morbey,jmorbeyca@posterous.com,Female,Brazil
444,Denny,Pyatt,dpyattcb@shareasale.com,Male,Russia
445,Ikey,Beacock,ibeacockcc@npr.org,Male,Poland
446,Jay,Toun,jtouncd@nbcnews.com,Male,Moldova
447,Inge,Haughin,ihaughince@dailymotion.com,Female,Greece
448,Charlean,Kingshott,ckingshottcf@newyorker.com,Female,Portugal
449,Issiah,Serjeantson,iserjeantsoncg@irs.gov,Male,Brazil
450,Bennie,Kybird,bkybirdch@oakley.com,Female,Philippines
451,Sybilla,Suatt,ssuattci@prlog.org,Female,China
452,Brewer,Just,bjustcj@dion.ne.jp,Male,Cyprus
453,Marylynne,Cotilard,mcotilardck@fotki.com,Female,Indonesia
454,Marty,Leger,mlegercl@sciencedirect.com,Male,Brazil
455,Dell,Folbigg,dfolbiggcm@cafepress.com,Male,France
456,Gustavus,Cawthorne,gcawthornecn@irs.gov,Male,Greece
457,Adriane,Mort,amortco@360.cn,Female,China
458,Nico,Clawe,nclawecp@mac.com,Male,France
459,Jethro,Longfield,jlongfieldcq@dedecms.com,Male,Russia
460,Jeni,Bridat,jbridatcr@mayoclinic.com,Female,China
461,Patrizio,Constantinou,pconstantinoucs@jiathis.com,Male,Czech Republic
462,Udell,Couper,ucouperct@blogtalkradio.com,Male,Kuwait
463,Ailee,Serfati,aserfaticu@gravatar.com,Female,Brazil
464,Giffard,Grzegorek,ggrzegorekcv@foxnews.com,Male,Nigeria
465,Theobald,Thicking,tthickingcw@answers.com,Male,China
466,Salvatore,Philipard,sphilipardcx@gmpg.org,Male,Japan
467,Isiahi,Burdge,iburdgecy@behance.net,Male,Vietnam
468,Jenine,Sackey,jsackeycz@nyu.edu,Female,Iran
469,Eliot,Johantges,ejohantgesd0@toplist.cz,Male,Philippines
470,Pepita,Stother,pstotherd1@odnoklassniki.ru,Female,Japan
471,Ivor,Gyngell,igyngelld2@canalblog.com,Male,Sweden
472,Ted,Scantlebury,tscantleburyd3@nationalgeographic.com,Male,Albania
473,Daisi,Crossland,dcrosslandd4@comcast.net,Female,Sweden
474,Emera,Reef,ereefd5@elegantthemes.com,Female,Canada
475,Patsy,Gooderridge,pgooderridged6@pagesperso-orange.fr,Male,Bhutan
476,Raddy,Buggy,rbuggyd7@go.com,Male,Indonesia
477,Petronille,Shale,pshaled8@google.co.uk,Female,China
478,Drucill,Tinsey,dtinseyd9@netlog.com,Female,Philippines
479,Hy,Goodchild,hgoodchildda@wix.com,Male,France
480,Ezechiel,La Wille,elawilledb@nih.gov,Male,Canada
481,Alfred,Wilfinger,awilfingerdc@guardian.co.uk,Male,Indonesia
482,Yolane,Eschalette,yeschalettedd@miibeian.gov.cn,Female,Portugal
483,Simonne,McSperrin,smcsperrinde@infoseek.co.jp,Female,Serbia
484,Stavros,Croad,scroaddf@arstechnica.com,Male,Poland
485,Kenneth,Ludye,kludyedg@skyrock.com,Male,Brazil
486,Hank,Frosch,hfroschdh@nbcnews.com,Male,Ecuador
487,Jorge,Paramore,jparamoredi@arstechnica.com,Male,Spain
488,Josefa,Lalevee,jlaleveedj@dailymotion.com,Female,China
489,Meade,Simonich,msimonichdk@so-net.ne.jp,Male,Mexico
490,Eba,Bedburrow,ebedburrowdl@psu.edu,Female,Russia
491,Modestia,Julien,mjuliendm@wp.com,Female,China
492,Corly,Jebb,cjebbdn@noaa.gov,Female,Antigua and Barbuda
493,Dallon,Pundy,dpundydo@dmoz.org,Male,Sweden
494,Rori,Marchbank,rmarchbankdp@bbc.co.uk,Female,Lithuania
495,Brendon,Domb,bdombdq@github.io,Male,Mexico
496,Clim,Harding,chardingdr@merriam-webster.com,Male,China
497,Rudd,Cathel,rcathelds@creativecommons.org,Male,China
498,Sigismundo,Silliman,ssillimandt@soundcloud.com,Male,Brazil
499,Jayson,Chatelot,jchatelotdu@cocolog-nifty.com,Male,Indonesia
500,Daniela,Hellyer,dhellyerdv@odnoklassniki.ru,Female,Sweden
501,Sasha,Saw,ssawdw@quantcast.com,Female,Russia
502,Gale,Rivalland,grivallanddx@skyrock.com,Female,Mexico
503,Rem,Huchot,rhuchotdy@gravatar.com,Male,Japan
504,Hubey,Goodere,hgooderedz@twitter.com,Male,Sweden
505,Galvin,Richfield,grichfielde0@yahoo.com,Male,China
506,Cesar,Margaret,cmargarete1@indiatimes.com,Male,Cyprus
507,Haleigh,Gouley,hgouleye2@mozilla.com,Female,Indonesia
508,Tarrah,Stangoe,tstangoee3@skype.com,Female,China
509,Elnora,Catlette,ecatlettee4@europa.eu,Female,Sweden
510,Devlen,Ogbourne,dogbournee5@meetup.com,Male,Albania
511,Calla,Baughen,cbaughene6@usa.gov,Female,China
512,Marnia,Fairnington,mfairningtone7@wikimedia.org,Female,Peru
513,Friederike,Hadigate,fhadigatee8@blogspot.com,Female,Indonesia
514,Julianne,O'Lennachain,jolennachaine9@usda.gov,Female,Costa Rica
515,Morna,Grioli,mgrioliea@123-reg.co.uk,Female,Cuba
516,Ford,Steuhlmeyer,fsteuhlmeyereb@ovh.net,Male,Portugal
517,Eberhard,Steffan,esteffanec@oakley.com,Male,Sweden
518,Kahlil,Lammerding,klammerdinged@ihg.com,Male,Austria
519,Herc,Paice,hpaiceee@creativecommons.org,Male,Ukraine
520,Torrie,Chern,tchernef@parallels.com,Female,Portugal
521,Torry,Lunk,tlunkeg@uiuc.edu,Male,Sweden
522,Letitia,Twycross,ltwycrosseh@pinterest.com,Female,China
523,Ab,Carden,acardenei@soup.io,Male,China
524,Alic,Nettleship,anettleshipej@ibm.com,Male,China
525,Emmy,Engelmann,eengelmannek@china.com.cn,Male,Russia
526,Franky,Shingles,fshinglesel@slate.com,Female,Russia
527,Chad,Pischel,cpischelem@economist.com,Male,Indonesia
528,Doralynn,Riggeard,driggearden@bbb.org,Female,Indonesia
529,Madlen,Tringham,mtringhameo@pinterest.com,Female,Russia
530,Donnie,Grevile,dgrevileep@tripod.com,Female,China
531,Wyn,Smitheram,wsmitherameq@wunderground.com,Male,China
532,Adelice,Keays,akeayser@soundcloud.com,Female,Finland
533,Kristos,Dudley,kdudleyes@google.cn,Male,Greece
534,Dulciana,Fogarty,dfogartyet@census.gov,Female,Honduras
535,Shelby,Boltwood,sboltwoodeu@e-recht24.de,Female,Indonesia
536,Becky,Grishukhin,bgrishukhinev@wikia.com,Female,Cameroon
537,Carling,Clemmens,cclemmensew@ucsd.edu,Male,Portugal
538,Rois,Iddison,riddisonex@cbslocal.com,Female,Indonesia
539,Franny,Ferreira,fferreiraey@51.la,Male,Poland
540,Kara,Plinck,kplinckez@spiegel.de,Female,Comoros
541,Dasha,Hatz,dhatzf0@51.la,Female,Brazil
542,Dallas,Edson,dedsonf1@about.com,Male,Poland
543,Tommie,Antonoczyk,tantonoczykf2@cisco.com,Male,China
544,Irvine,Filliskirk,ifilliskirkf3@google.de,Male,Indonesia
545,Corbin,Mundwell,cmundwellf4@ycombinator.com,Male,Germany
546,Eddie,Irnis,eirnisf5@jiathis.com,Female,Japan
547,Edik,Philipson,ephilipsonf6@i2i.jp,Male,Poland
548,Mathe,Liddard,mliddardf7@jiathis.com,Male,China
549,Cathleen,Christophle,cchristophlef8@mapy.cz,Female,Colombia
550,Nyssa,Roughey,nrougheyf9@jimdo.com,Female,France
551,Tracy,Iredale,tiredalefa@wsj.com,Male,Poland
552,Dana,McGennis,dmcgennisfb@cbslocal.com,Male,Brazil
553,Chlo,Crosen,ccrosenfc@infoseek.co.jp,Female,United States
554,Purcell,Jellicorse,pjellicorsefd@wiley.com,Male,Brazil
555,Perle,Caudwell,pcaudwellfe@istockphoto.com,Female,Russia
556,Tessy,Grooby,tgroobyff@japanpost.jp,Female,Palestinian Territory
557,Claretta,Fairest,cfairestfg@mozilla.org,Female,Mongolia
558,Derk,Luscott,dluscottfh@webmd.com,Male,Italy
559,Hermie,Lantuff,hlantufffi@examiner.com,Male,Thailand
560,Adriaens,Knok,aknokfj@nps.gov,Female,Russia
561,Wittie,Seivertsen,wseivertsenfk@ibm.com,Male,Russia
562,Brennen,Overstreet,boverstreetfl@51.la,Male,China
563,Arluene,Stancliffe,astancliffefm@thetimes.co.uk,Female,China
564,Ebenezer,Simonnet,esimonnetfn@slashdot.org,Male,France
565,Willie,Dalinder,wdalinderfo@addthis.com,Male,Thailand
566,Jenni,Elldred,jelldredfp@gizmodo.com,Female,China
567,Denis,Padilla,dpadillafq@noaa.gov,Male,Brazil
568,Peggie,Trime,ptrimefr@gravatar.com,Female,China
569,Rivkah,Serrell,rserrellfs@surveymonkey.com,Female,Indonesia
570,Seline,Mackstead,smacksteadft@goo.ne.jp,Female,Libya
571,Ferd,Plumbe,fplumbefu@deliciousdays.com,Male,Indonesia
572,Feliza,Kalinsky,fkalinskyfv@51.la,Female,France
573,Eleanora,Killiner,ekillinerfw@kickstarter.com,Female,Finland
574,Louis,Eldrett,leldrettfx@biblegateway.com,Male,Argentina
575,Mickey,Yitzovicz,myitzoviczfy@economist.com,Male,Finland
576,La verne,Thomann,lthomannfz@hc360.com,Female,Indonesia
577,Caritta,Kohn,ckohng0@berkeley.edu,Female,Japan
578,Coral,Rickasse,crickasseg1@usa.gov,Female,Greece
579,Walt,Lochead,wlocheadg2@umich.edu,Male,Czech Republic
580,Antony,MacDiarmond,amacdiarmondg3@dmoz.org,Male,France
581,Normy,Scheffel,nscheffelg4@zdnet.com,Male,Portugal
582,Abagael,Lettington,alettingtong5@tripadvisor.com,Female,Guatemala
583,Kiele,Bondar,kbondarg6@deliciousdays.com,Female,China
584,Garvy,Fazakerley,gfazakerleyg7@thetimes.co.uk,Male,Peru
585,Katharine,Edgett,kedgettg8@latimes.com,Female,Mexico
586,Dill,Olenin,dolening9@state.tx.us,Male,Russia
587,Vinnie,Scarlin,vscarlinga@t-online.de,Male,Portugal
588,Sasha,Fylan,sfylangb@php.net,Male,Italy
589,Lin,Silbermann,lsilbermanngc@pen.io,Female,United States
590,Brig,Yesenin,byeseningd@hexun.com,Male,Micronesia
591,Windham,Dowsett,wdowsettge@google.es,Male,South Africa
592,Joline,Stryde,jstrydegf@illinois.edu,Female,Canada
593,Edd,Gibling,egiblinggg@vimeo.com,Male,Russia
594,Jessica,Eke,jekegh@mit.edu,Female,Denmark
595,Aubrey,Seamen,aseamengi@symantec.com,Male,Philippines
596,Cleavland,Rupp,cruppgj@whitehouse.gov,Male,Portugal
597,Darcey,Seares,dsearesgk@feedburner.com,Female,China
598,Esmeralda,Davley,edavleygl@clickbank.net,Female,United States
599,Trumann,Guinn,tguinngm@ox.ac.uk,Male,Spain
600,Remington,Blaschek,rblaschekgn@taobao.com,Male,Czech Republic
601,Willabella,Wison,wwisongo@php.net,Female,Brazil
602,Cybil,Mounsie,cmounsiegp@narod.ru,Female,Indonesia
603,Nina,Sommer,nsommergq@etsy.com,Female,China
604,Culver,Crowson,ccrowsongr@ebay.co.uk,Male,Central African Republic
605,Germain,Logesdale,glogesdalegs@unicef.org,Female,Kyrgyzstan
606,Thatch,Matiasek,tmatiasekgt@quantcast.com,Male,China
607,Mona,Bielfelt,mbielfeltgu@theglobeandmail.com,Female,Indonesia
608,Nina,Rumford,nrumfordgv@tinypic.com,Female,China
609,Arnoldo,Deek,adeekgw@fastcompany.com,Male,Bulgaria
610,Latisha,Povlsen,lpovlsengx@cbc.ca,Female,Croatia
611,Derk,Orteaux,dorteauxgy@sina.com.cn,Male,Nigeria
612,Rollins,Aldhouse,raldhousegz@intel.com,Male,China
613,Wylie,Akers,wakersh0@gravatar.com,Male,Russia
614,Concettina,Albrooke,calbrookeh1@house.gov,Female,Portugal
615,Meredeth,Sotheby,msothebyh2@sfgate.com,Male,China
616,Cherry,Paulig,cpauligh3@senate.gov,Female,China
617,Michale,O'Caherny,mocahernyh4@reverbnation.com,Male,Azerbaijan
618,Dot,Mensler,dmenslerh5@home.pl,Female,Portugal
619,Maddie,Pryke,mprykeh6@illinois.edu,Female,Indonesia
620,Elvira,McCullock,emccullockh7@bbb.org,Female,Poland
621,Max,Badder,mbadderh8@seesaa.net,Female,Azerbaijan
622,Cissiee,Dickens,cdickensh9@symantec.com,Female,Norway
623,Pepita,O'Malley,pomalleyha@nhs.uk,Female,Pakistan
624,Cherida,Stewart,cstewarthb@goo.gl,Female,Russia
625,Stanford,Curnnokk,scurnnokkhc@godaddy.com,Male,Indonesia
626,Mauricio,Herkess,mherkesshd@pbs.org,Male,Poland
627,Walton,Snelle,wsnellehe@nhs.uk,Male,Brazil
628,Amberly,Vasser,avasserhf@census.gov,Female,China
629,Hew,Pervoe,hpervoehg@google.cn,Male,Trinidad and Tobago
630,Aindrea,Alner,aalnerhh@berkeley.edu,Female,Indonesia
631,Liane,Penton,lpentonhi@dropbox.com,Female,China
632,Corliss,MacDwyer,cmacdwyerhj@sakura.ne.jp,Female,Bangladesh
633,Roxie,Rowdell,rrowdellhk@arstechnica.com,Female,Mongolia
634,Alleyn,Newberry,anewberryhl@salon.com,Male,Sweden
635,Wini,Gaylard,wgaylardhm@last.fm,Female,Indonesia
636,Harrison,Buzek,hbuzekhn@reverbnation.com,Male,Thailand
637,Ruth,Apfel,rapfelho@exblog.jp,Female,Ukraine
638,Waverly,Mathey,wmatheyhp@1und1.de,Male,Russia
639,Frederica,Cianelli,fcianellihq@pen.io,Female,Malaysia
640,Phoebe,Sutehall,psutehallhr@histats.com,Female,Venezuela
641,Nicolette,Biagioni,nbiagionihs@msu.edu,Female,Vietnam
642,Frasco,Waleworke,fwaleworkeht@tripod.com,Male,France
643,Michaeline,Simak,msimakhu@typepad.com,Female,Brazil
644,Bellina,Bousler,bbouslerhv@ihg.com,Female,United States
645,Dore,Camps,dcampshw@cargocollective.com,Male,Serbia
646,Carmita,Glencorse,cglencorsehx@so-net.ne.jp,Female,Peru
647,Bonni,Blampied,bblampiedhy@ow.ly,Female,Russia
648,Wesley,Dabernott,wdabernotthz@mashable.com,Male,Russia
649,Gilbertina,Mycock,gmycocki0@xing.com,Female,Pakistan
650,Marlane,Hillen,mhilleni1@phpbb.com,Female,Philippines
651,Iago,Oury,iouryi2@icq.com,Male,China
652,Ulberto,Stango,ustangoi3@instagram.com,Male,Indonesia
653,Vivianna,Laybourne,vlaybournei4@biblegateway.com,Female,Portugal
654,Ciro,Bunnell,cbunnelli5@mozilla.com,Male,China
655,Otha,McGiven,omcgiveni6@tmall.com,Female,Indonesia
656,Eldon,Gayther,egaytheri7@edublogs.org,Male,Indonesia
657,Reidar,McTaggart,rmctaggarti8@slideshare.net,Male,United States
658,Jami,Slingsby,jslingsbyi9@domainmarket.com,Female,China
659,Hersh,Revitt,hrevittia@ted.com,Male,Peru
660,Aldo,Cone,aconeib@artisteer.com,Male,Haiti
661,Oren,Delgadillo,odelgadilloic@360.cn,Male,China
662,Clemmy,Gludor,cgludorid@ameblo.jp,Female,Ukraine
663,Timofei,Snalham,tsnalhamie@themeforest.net,Male,Serbia
664,Vittoria,McGirl,vmcgirlif@diigo.com,Female,Vietnam
665,Andy,Louch,alouchig@businessweek.com,Female,Indonesia
666,Teddie,Kildea,tkildeaih@surveymonkey.com,Male,Portugal
667,Amerigo,Baxter,abaxterii@e-recht24.de,Male,Azerbaijan
668,Maddy,Fairchild,mfairchildij@marketwatch.com,Female,Poland
669,Freddy,Gass,fgassik@google.it,Female,Indonesia
670,Amalita,Godilington,agodilingtonil@diigo.com,Female,China
671,Donall,Minifie,dminifieim@fema.gov,Male,Honduras
672,Mikey,Thoresbie,mthoresbiein@washington.edu,Male,Russia
673,Moyna,Schollick,mschollickio@eventbrite.com,Female,France
674,Leicester,Crowdace,lcrowdaceip@nba.com,Male,Argentina
675,Lizabeth,Rockey,lrockeyiq@vkontakte.ru,Female,Latvia
676,Newton,Circuitt,ncircuittir@nsw.gov.au,Male,China
677,Mata,Angear,mangearis@epa.gov,Male,Bolivia
678,Stanislaus,Asman,sasmanit@is.gd,Male,Ukraine
679,Cos,Mercer,cmerceriu@networkadvertising.org,Male,Russia
680,Eula,Wooller,ewoolleriv@dot.gov,Female,Sweden
681,Terrance,Whitney,twhitneyiw@microsoft.com,Male,Portugal
682,Duffie,Tibbs,dtibbsix@wikia.com,Male,Bulgaria
683,Jodie,Whifen,jwhifeniy@pagesperso-orange.fr,Male,Thailand
684,Bax,Pritty,bprittyiz@technorati.com,Male,Belarus
685,Cordy,Vasquez,cvasquezj0@pagesperso-orange.fr,Female,Vietnam
686,Granger,Brownsea,gbrownseaj1@istockphoto.com,Male,Russia
687,Kinsley,Lambdin,klambdinj2@independent.co.uk,Male,Russia
688,Ellery,Grzelczyk,egrzelczykj3@edublogs.org,Male,Philippines
689,Merle,Rigardeau,mrigardeauj4@oaic.gov.au,Male,Nauru
690,Perle,Baskerville,pbaskervillej5@weebly.com,Female,Serbia
691,Baily,Renforth,brenforthj6@phpbb.com,Male,Russia
692,Merissa,Carley,mcarleyj7@plala.or.jp,Female,China
693,Melanie,Volant,mvolantj8@tinyurl.com,Female,Armenia
694,Lothario,Kits,lkitsj9@wufoo.com,Male,United States
695,Luciana,Jedrzejkiewicz,ljedrzejkiewiczja@techcrunch.com,Female,Venezuela
696,Banky,Digance,bdigancejb@sun.com,Male,Indonesia
697,Graehme,Gotliffe,ggotliffejc@dell.com,Male,Philippines
698,Flynn,Cockshot,fcockshotjd@facebook.com,Male,Indonesia
699,Fernande,Winchcombe,fwinchcombeje@icq.com,Female,Thailand
700,Stephan,Corde,scordejf@creativecommons.org,Male,United States
701,Frieda,Conradsen,fconradsenjg@house.gov,Female,Bangladesh
702,Aldrich,Bonicelli,abonicellijh@yale.edu,Male,Slovenia
703,Torry,Gallahar,tgallaharji@reference.com,Male,Russia
704,Thorvald,Novis,tnovisjj@infoseek.co.jp,Male,France
705,Emmaline,Dyter,edyterjk@t.co,Female,Ireland
706,Corina,Groven,cgrovenjl@youtu.be,Female,Sweden
707,Mariejeanne,McGloughlin,mmcgloughlinjm@wikimedia.org,Female,Japan
708,Gertrudis,Lomen,glomenjn@nsw.gov.au,Female,China
709,Bevon,Phebey,bphebeyjo@issuu.com,Male,China
710,Charil,cornhill,ccornhilljp@apple.com,Female,Philippines
711,Holt,Rolingson,hrolingsonjq@vkontakte.ru,Male,Indonesia
712,Florida,Spirit,fspiritjr@time.com,Female,Czech Republic
713,Kikelia,Petche,kpetchejs@joomla.org,Female,Brazil
714,Virge,McKnish,vmcknishjt@usnews.com,Male,Indonesia
715,Kris,Franzini,kfranziniju@arstechnica.com,Male,China
716,Darn,Allder,dallderjv@hao123.com,Male,Serbia
717,Albrecht,Lacoste,alacostejw@wordpress.org,Male,Dominican Republic
718,Jimmie,Fendlow,jfendlowjx@lulu.com,Male,China
719,Hollis,Woollcott,hwoollcottjy@skype.com,Male,Poland
720,Yoshi,Draper,ydraperjz@ed.gov,Female,Russia
721,Helen-elizabeth,Kopfen,hkopfenk0@msn.com,Female,Brazil
722,Blanche,Shorten,bshortenk1@squarespace.com,Female,Colombia
723,Godard,Attawell,gattawellk2@msu.edu,Male,Brazil
724,Jereme,Doust,jdoustk3@tripod.com,Male,Armenia
725,Car,Calley,ccalleyk4@netvibes.com,Male,Morocco
726,Court,Kissell,ckissellk5@newsvine.com,Male,Ukraine
727,Patricia,Charlesworth,pcharlesworthk6@google.es,Female,Indonesia
728,Debra,Tabb,dtabbk7@answers.com,Female,Portugal
729,Rodrigo,Visco,rviscok8@disqus.com,Male,China
730,Gabriell,Adacot,gadacotk9@mysql.com,Female,Mongolia
731,Pierrette,Ledner,plednerka@yolasite.com,Female,Argentina
732,Ebba,Chapier,echapierkb@scientificamerican.com,Female,Indonesia
733,Camey,Puxley,cpuxleykc@lulu.com,Male,Ukraine
734,Kali,Tejada,ktejadakd@prlog.org,Female,El Salvador
735,Ernie,Punt,epuntke@cornell.edu,Male,Serbia
736,Christie,Morales,cmoraleskf@163.com,Male,Russia
737,Annamaria,Brimicombe,abrimicombekg@shareasale.com,Female,Ecuador
738,Clerc,Meir,cmeirkh@yahoo.com,Male,France
739,Zack,Pauletto,zpaulettoki@gizmodo.com,Male,Sweden
740,Rikki,Synan,rsynankj@meetup.com,Male,Vietnam
741,Spense,McKmurrie,smckmurriekk@hp.com,Male,Ukraine
742,Corey,Billany,cbillanykl@cdc.gov,Female,Indonesia
743,Lanae,Pickhaver,lpickhaverkm@pbs.org,Female,Poland
744,Fredrick,Bazoche,fbazochekn@shareasale.com,Male,Netherlands
745,Colby,Treacy,ctreacyko@friendfeed.com,Male,Brazil
746,Grissel,Syversen,gsyversenkp@ucsd.edu,Female,Pakistan
747,Elvera,Brands,ebrandskq@boston.com,Female,Greece
748,Darrick,Rogan,drogankr@marketwatch.com,Male,China
749,Gilberta,Bernaciak,gbernaciakks@myspace.com,Female,China
750,Clem,Sisson,csissonkt@typepad.com,Female,Thailand
751,Luella,Wilcocks,lwilcocksku@last.fm,Female,China
752,Marissa,Diben,mdibenkv@psu.edu,Female,Sweden
753,Henrietta,Smaridge,hsmaridgekw@howstuffworks.com,Female,China
754,Ikey,Belchem,ibelchemkx@sakura.ne.jp,Male,Indonesia
755,Algernon,Lechelle,alechelleky@umn.edu,Male,Brazil
756,Dorie,Asplen,dasplenkz@sourceforge.net,Female,Canada
757,Corrine,Berntsson,cberntssonl0@usgs.gov,Female,Philippines
758,Wendy,de Quesne,wdequesnel1@statcounter.com,Female,Spain
759,Alverta,Ribou,ariboul2@marriott.com,Female,Indonesia
760,Abby,Root,arootl3@mashable.com,Female,Russia
761,Frants,Perfect,fperfectl4@cafepress.com,Male,France
762,Rosemaria,Bonds,rbondsl5@umn.edu,Female,China
763,Silas,Brabben,sbrabbenl6@biblegateway.com,Male,Philippines
764,Madelyn,Elsmor,melsmorl7@dedecms.com,Female,Philippines
765,Miof mela,Croal,mcroall8@example.com,Female,Argentina
766,Bibi,Casement,bcasementl9@tinyurl.com,Female,Brazil
767,Merry,Mallabar,mmallabarla@admin.ch,Female,Russia
768,Robinett,Vanni,rvannilb@yahoo.co.jp,Female,Portugal
769,Lauretta,Villa,lvillalc@sciencedaily.com,Female,France
770,Christan,Wardrope,cwardropeld@arstechnica.com,Female,China
771,Rozanna,Raithbie,rraithbiele@sina.com.cn,Female,Poland
772,Peirce,Sambedge,psambedgelf@feedburner.com,Male,China
773,Winston,Bridgwood,wbridgwoodlg@apache.org,Male,China
774,Belia,Shapera,bshaperalh@usatoday.com,Female,Moldova
775,Shawna,Owlner,sowlnerli@digg.com,Female,China
776,Dorise,Fursey,dfurseylj@gizmodo.com,Female,Lithuania
777,Morse,Valentelli,mvalentellilk@zimbio.com,Male,China
778,Gordan,Brawson,gbrawsonll@mtv.com,Male,China
779,Humberto,Tarbatt,htarbattlm@ifeng.com,Male,Poland
780,Zolly,Klulik,zklulikln@mozilla.com,Male,Indonesia
781,Bunny,Winstone,bwinstonelo@aboutads.info,Female,Czech Republic
782,Lil,Ilchenko,lilchenkolp@nature.com,Female,South Africa
783,Karim,Desorts,kdesortslq@merriam-webster.com,Male,Indonesia
784,Rickie,Eatherton,reathertonlr@amazonaws.com,Male,Czech Republic
785,Cal,Summerskill,csummerskillls@un.org,Female,Croatia
786,Maureene,Eardley,meardleylt@yahoo.co.jp,Female,Mexico
787,Adriaens,Tym,atymlu@jalbum.net,Female,Brazil
788,Dre,McCome,dmccomelv@fda.gov,Female,Palestinian Territory
789,Eada,Fretter,efretterlw@yolasite.com,Female,China
790,Aurea,Buckles,abuckleslx@cam.ac.uk,Female,Croatia
791,Esther,Kock,ekockly@engadget.com,Female,Nepal
792,Charley,Kinforth,ckinforthlz@go.com,Male,Yemen
793,Odell,Coveney,ocoveneym0@macromedia.com,Male,Venezuela
794,Andie,Brignell,abrignellm1@surveymonkey.com,Male,Serbia
795,Bendicty,MacCallister,bmaccallisterm2@php.net,Male,Indonesia
796,Hedy,Stoffer,hstofferm3@berkeley.edu,Female,Estonia
797,Verine,McConachie,vmcconachiem4@zimbio.com,Female,Japan
798,Reeba,Betteney,rbetteneym5@tiny.cc,Female,France
799,Constance,Ripley,cripleym6@ow.ly,Female,France
800,Kayle,Latus,klatusm7@digg.com,Female,Norway
801,Bertie,Dreakin,bdreakinm8@microsoft.com,Female,Poland
802,Christyna,Orcott,corcottm9@sbwire.com,Female,Philippines
803,Chas,Sokell,csokellma@chronoengine.com,Male,Nigeria
804,Elene,Savaage,esavaagemb@economist.com,Female,Indonesia
805,Denny,Buckley,dbuckleymc@naver.com,Male,Sweden
806,Peta,Morsom,pmorsommd@ted.com,Female,Austria
807,Orelee,Reinert,oreinertme@who.int,Female,Philippines
808,Fran,Austing,faustingmf@free.fr,Male,Burkina Faso
809,Myrah,Banyard,mbanyardmg@tmall.com,Female,Nicaragua
810,Shepperd,Lawdham,slawdhammh@simplemachines.org,Male,Indonesia
811,Ranice,Saltern,rsalternmi@altervista.org,Female,Russia
812,Gayle,Wear,gwearmj@cyberchimps.com,Female,Bosnia and Herzegovina
813,Brigham,Barkworth,bbarkworthmk@bluehost.com,Male,China
814,Delaney,Yokley,dyokleyml@merriam-webster.com,Male,China
815,Euell,Sheryn,esherynmm@skype.com,Male,Sweden
816,Inga,Muglestone,imuglestonemn@constantcontact.com,Female,Portugal
817,Portia,Kilius,pkiliusmo@privacy.gov.au,Female,China
818,Garret,Blaydon,gblaydonmp@ucsd.edu,Male,Indonesia
819,Alexander,Humpatch,ahumpatchmq@cbc.ca,Male,Egypt
820,Pat,Janoschek,pjanoschekmr@1688.com,Male,Brazil
821,Alessandro,Bussey,abusseyms@histats.com,Male,Indonesia
822,Raoul,Dullard,rdullardmt@buzzfeed.com,Male,China
823,Clemmy,Springall,cspringallmu@abc.net.au,Female,Lithuania
824,Mickie,Laird,mlairdmv@java.com,Female,Portugal
825,Denny,MacKaig,dmackaigmw@imgur.com,Female,United States
826,Roger,Schreurs,rschreursmx@indiatimes.com,Male,Argentina
827,Isacco,Bonifazio,ibonifaziomy@imdb.com,Male,Costa Rica
828,Odell,Cranston,ocranstonmz@latimes.com,Male,Russia
829,Brandon,Bryning,bbryningn0@mapy.cz,Male,Dominican Republic
830,Reynolds,Pury,rpuryn1@cam.ac.uk,Male,Ireland
831,Fedora,Bonde,fbonden2@dailymail.co.uk,Female,China
832,Gun,Hiscocks,ghiscocksn3@comcast.net,Male,Poland
833,Valenka,Pavlenkov,vpavlenkovn4@studiopress.com,Female,Uruguay
834,Kinsley,Carstairs,kcarstairsn5@reuters.com,Male,Indonesia
835,Irma,Juschke,ijuschken6@sciencedirect.com,Female,China
836,Anett,Abarough,aabaroughn7@posterous.com,Female,Philippines
837,Brnaby,Bowry,bbowryn8@sohu.com,Male,Japan
838,Maryellen,Pearcy,mpearcyn9@a8.net,Female,Sweden
839,Ginelle,Ramalhete,gramalhetena@yandex.ru,Female,Japan
840,Genni,Renackowna,grenackownanb@naver.com,Female,Philippines
841,Jacqueline,Treffry,jtreffrync@jimdo.com,Female,Canada
842,Vaclav,Thomasset,vthomassetnd@simplemachines.org,Male,Chile
843,Caspar,Fieldhouse,cfieldhousene@umn.edu,Male,Portugal
844,Alejandrina,Takos,atakosnf@stanford.edu,Female,Philippines
845,Stanwood,Tysall,stysallng@tinyurl.com,Male,Tunisia
846,Bruis,Tedridge,btedridgenh@google.fr,Male,Yemen
847,Hedy,Cogswell,hcogswellni@istockphoto.com,Female,Indonesia
848,Mara,Dorre,mdorrenj@cocolog-nifty.com,Female,Philippines
849,Sheri,Birtles,sbirtlesnk@latimes.com,Female,Slovenia
850,Winnifred,Stickel,wstickelnl@admin.ch,Female,Japan
851,Mordecai,Westrope,mwestropenm@chronoengine.com,Male,China
852,Bastian,Palphramand,bpalphramandnn@pagesperso-orange.fr,Male,Portugal
853,Fred,Simka,fsimkano@alexa.com,Female,Japan
854,Angie,Cliffe,acliffenp@economist.com,Female,Namibia
855,Denise,Jolliman,djollimannq@hud.gov,Female,Philippines
856,Ingar,Seppey,iseppeynr@google.com.hk,Male,France
857,Patrice,Orae,poraens@nbcnews.com,Female,Portugal
858,Zach,Kleinhaut,zkleinhautnt@dailymail.co.uk,Male,Nigeria
859,Rae,Boustead,rbousteadnu@gravatar.com,Female,Brazil
860,Augustine,Beaton,abeatonnv@mozilla.org,Female,China
861,Coleman,Choules,cchoulesnw@google.de,Male,Mexico
862,Micheal,Lawrie,mlawrienx@friendfeed.com,Male,Indonesia
863,Phillie,Orteau,porteauny@discuz.net,Female,Comoros
864,Theodore,Morde,tmordenz@ifeng.com,Male,Portugal
865,Creigh,Renfrew,crenfrewo0@360.cn,Male,Russia
866,Sherwynd,Baal,sbaalo1@nifty.com,Male,Sweden
867,Andreas,Annett,aannetto2@zdnet.com,Male,France
868,Darsie,Grahamslaw,dgrahamslawo3@bloglovin.com,Female,Indonesia
869,Barbara,Landman,blandmano4@discovery.com,Female,Philippines
870,Milton,Cottill,mcottillo5@intel.com,Male,Peru
871,Vannie,Mingotti,vmingottio6@reddit.com,Female,China
872,Cyrus,de Amaya,cdeamayao7@360.cn,Male,France
873,Dalston,Buxsey,dbuxseyo8@msu.edu,Male,Poland
874,Lorelle,Malamore,lmalamoreo9@seattletimes.com,Female,China
875,Jacobo,Creavin,jcreavinoa@economist.com,Male,United States
876,Brita,Biggerstaff,bbiggerstaffob@cornell.edu,Female,Russia
877,Bordy,Reap,breapoc@dmoz.org,Male,Poland
878,Ciro,Marin,cmarinod@meetup.com,Male,Colombia
879,Aleda,Okker,aokkeroe@addtoany.com,Female,Croatia
880,Nonna,Sussex,nsussexof@icq.com,Female,Bolivia
881,Obediah,Wildman,owildmanog@imageshack.us,Male,Cuba
882,Rod,Mephan,rmephanoh@fastcompany.com,Male,Mexico
883,Kirsten,Insull,kinsulloi@sogou.com,Female,Iran
884,Stesha,Peatt,speattoj@bloglovin.com,Female,Afghanistan
885,Nike,Depport,ndepportok@alibaba.com,Female,Russia
886,Sianna,McGeneay,smcgeneayol@amazon.de,Female,Croatia
887,Cindi,Cortin,ccortinom@google.pl,Female,Greece
888,Dyane,Chatwood,dchatwoodon@sitemeter.com,Female,Cuba
889,Vaclav,Hallibone,vhalliboneoo@geocities.jp,Male,North Korea
890,Carly,Jeffcoat,cjeffcoatop@alexa.com,Male,France
891,Gard,Phipp,gphippoq@netscape.com,Male,Japan
892,Mariel,Delwater,mdelwateror@soundcloud.com,Female,Czech Republic
893,Bernette,Merdew,bmerdewos@ucoz.com,Female,Portugal
894,Ashli,Dubarry,adubarryot@google.com.hk,Female,Sweden
895,Floria,Doddrell,fdoddrellou@trellian.com,Female,China
896,Vince,Dusey,vduseyov@bloglovin.com,Male,United States
897,Ernestine,Cammish,ecammishow@weather.com,Female,Mongolia
898,Dev,Treven,dtrevenox@amazonaws.com,Male,United States
899,Teodoor,Agott,tagottoy@marketwatch.com,Male,China
900,Perice,Horick,phorickoz@bbb.org,Male,Indonesia
901,Jayne,Revens,jrevensp0@ebay.co.uk,Female,Brazil
902,Maribel,McVrone,mmcvronep1@webmd.com,Female,Indonesia
903,Krysta,O' Shea,kosheap2@un.org,Female,Czech Republic
904,Loren,Goroni,lgoronip3@biglobe.ne.jp,Male,Sweden
905,Ethyl,Siebert,esiebertp4@tuttocitta.it,Female,Indonesia
906,Jenelle,Meneely,jmeneelyp5@hostgator.com,Female,Indonesia
907,Wendel,Hastler,whastlerp6@blogger.com,Male,Malawi
908,Norman,Donizeau,ndonizeaup7@xing.com,Male,Luxembourg
909,Byrann,Osorio,bosoriop8@who.int,Male,Ukraine
910,Stanislaw,Newbury,snewburyp9@comsenz.com,Male,Mali
911,Billy,Berrisford,bberrisfordpa@wunderground.com,Male,Brazil
912,Alden,Gerretsen,agerretsenpb@skyrock.com,Male,Honduras
913,Abdel,Kyston,akystonpc@indiegogo.com,Male,Cambodia
914,Leigha,Lefley,llefleypd@wordpress.com,Female,Philippines
915,Carlee,Lemmers,clemmerspe@cam.ac.uk,Female,Japan
916,Niki,Mattocks,nmattockspf@google.ru,Male,Ivory Coast
917,Dal,Wherrit,dwherritpg@wufoo.com,Male,Sweden
918,Harlen,Connell,hconnellph@flickr.com,Male,Tanzania
919,Granville,Jagoe,gjagoepi@state.gov,Male,Ivory Coast
920,Marcus,Lillyman,mlillymanpj@mayoclinic.com,Male,Czech Republic
921,Orrin,Lineen,olineenpk@blogs.com,Male,Canada
922,Clary,Tomlins,ctomlinspl@weather.com,Female,Russia
923,Melisent,Reddish,mreddishpm@mlb.com,Female,Palestinian Territory
924,Dan,Eagell,deagellpn@cafepress.com,Male,Portugal
925,Inga,Fanstone,ifanstonepo@gmpg.org,Female,China
926,Deidre,Culwen,dculwenpp@nba.com,Female,Sweden
927,Ned,Abramcik,nabramcikpq@imdb.com,Male,China
928,Vinny,Lethem,vlethempr@google.com.au,Female,Cuba
929,Jedd,Zanini,jzaninips@reverbnation.com,Male,Germany
930,Demetre,Lafaye,dlafayept@nature.com,Male,Nicaragua
931,Sibley,Wiggans,swigganspu@auda.org.au,Female,Portugal
932,Bennie,Gatesman,bgatesmanpv@berkeley.edu,Male,Portugal
933,Theressa,Seneschal,tseneschalpw@joomla.org,Female,China
934,Nathanael,Graine,ngrainepx@amazon.co.uk,Male,Syria
935,Darryl,Whimp,dwhimppy@bbb.org,Female,United States
936,Noelani,Ybarra,nybarrapz@flavors.me,Female,China
937,Verile,Ditty,vdittyq0@geocities.com,Female,United States
938,Sheelah,Shimoni,sshimoniq1@meetup.com,Female,Philippines
939,Engelbert,Tarver,etarverq2@scientificamerican.com,Male,China
940,Raleigh,Paty,rpatyq3@wiley.com,Male,Mauritius
941,Blane,Muirhead,bmuirheadq4@seattletimes.com,Male,Indonesia
942,Mercie,Humpherson,mhumphersonq5@skype.com,Female,Sweden
943,Julius,Carletti,jcarlettiq6@accuweather.com,Male,Philippines
944,Beverlee,Scoines,bscoinesq7@redcross.org,Female,Haiti
945,Mildrid,Balls,mballsq8@rakuten.co.jp,Female,China
946,Philip,Tampling,ptamplingq9@cyberchimps.com,Male,Czech Republic
947,Alaster,Harrisson,aharrissonqa@google.ru,Male,China
948,Nalani,Blaszczak,nblaszczakqb@1688.com,Female,Russia
949,Abagail,Deetlof,adeetlofqc@geocities.com,Female,China
950,Kath,Kunneke,kkunnekeqd@theglobeandmail.com,Female,Panama
951,Vivie,Lennox,vlennoxqe@freewebs.com,Female,Indonesia
952,Rebecka,Freckelton,rfreckeltonqf@weibo.com,Female,Azerbaijan
953,Audi,Goldsbrough,agoldsbroughqg@surveymonkey.com,Female,China
954,Katti,Frenzel;,kfrenzelqh@pagesperso-orange.fr,Female,Israel
955,Wynn,Coddrington,wcoddringtonqi@amazon.co.uk,Male,Syria
956,Vladamir,Earngy,vearngyqj@chicagotribune.com,Male,Brazil
957,Donovan,Torr,dtorrqk@house.gov,Male,Sweden
958,Lebbie,Freeborne,lfreeborneql@geocities.com,Female,Palestinian Territory
959,Randene,Maro,rmaroqm@stanford.edu,Female,Brazil
960,Worthy,Brittoner,wbrittonerqn@walmart.com,Male,Spain
961,Raina,Crookall,rcrookallqo@usda.gov,Female,Brazil
962,Sumner,Trembley,strembleyqp@nydailynews.com,Male,Indonesia
963,Caty,Iban,cibanqq@reverbnation.com,Female,United States
964,Felic,Feldhorn,ffeldhornqr@webnode.com,Male,Uzbekistan
965,Gay,Chesswas,gchesswasqs@google.es,Male,Brazil
966,Emmerich,Lampert,elampertqt@cyberchimps.com,Male,Indonesia
967,Danny,Jandourek,djandourekqu@soundcloud.com,Female,Honduras
968,Xylina,Heyburn,xheyburnqv@fotki.com,Female,Argentina
969,Ingeberg,Batters,ibattersqw@archive.org,Female,South Africa
970,Case,Timmins,ctimminsqx@delicious.com,Male,Nigeria
971,Demetrius,Hubble,dhubbleqy@ezinearticles.com,Male,Palestinian Territory
972,Dale,Teulier,dteulierqz@hc360.com,Female,Sweden
973,Krissie,Smuth,ksmuthr0@hubpages.com,Female,China
974,Arley,Londer,alonderr1@npr.org,Male,China
975,Carmel,Biernacki,cbiernackir2@bravesites.com,Female,Czech Republic
976,Angelita,Pagnin,apagninr3@huffingtonpost.com,Female,China
977,Lem,Kalinovich,lkalinovichr4@shop-pro.jp,Male,Argentina
978,Seymour,Georgeon,sgeorgeonr5@nps.gov,Male,Kenya
979,Benji,Cersey,bcerseyr6@cmu.edu,Male,Philippines
980,Rafaelita,Ireson,riresonr7@craigslist.org,Female,Afghanistan
981,Merl,Cadwell,mcadwellr8@miitbeian.gov.cn,Female,Colombia
982,Bathsheba,O'Riordan,boriordanr9@paginegialle.it,Female,Argentina
983,Osmund,Piatto,opiattora@simplemachines.org,Male,Vietnam
984,Stephanie,Wildt,swildtrb@google.pl,Female,Tunisia
985,Neil,Desaur,ndesaurrc@xing.com,Male,Tanzania
986,Nico,Barkly,nbarklyrd@utexas.edu,Male,China
987,De witt,Hanaby,dhanabyre@wikia.com,Male,China
988,Gustav,Papes,gpapesrf@blinklist.com,Male,Venezuela
989,Amitie,Bang,abangrg@npr.org,Female,China
990,Ferrell,Kenforth,fkenforthrh@comcast.net,Male,France
991,Muhammad,O' Dooley,modooleyri@arizona.edu,Male,Indonesia
992,Zane,Bleasdille,zbleasdillerj@google.co.uk,Male,China
993,Jamie,Gorbell,jgorbellrk@squidoo.com,Male,Peru
994,Clem,Cosford,ccosfordrl@pen.io,Female,Portugal
995,Ynes,Chatteris,ychatterisrm@com.com,Female,Sweden
996,Sampson,Furmenger,sfurmengerrn@spotify.com,Male,China
997,Elizabet,Peacher,epeacherro@unc.edu,Female,Poland
998,Dotti,Cresswell,dcresswellrp@infoseek.co.jp,Female,China
999,Seward,Tarbard,starbardrq@nymag.com,Male,Russia
1000,Dorena,Soper,dsoperrr@mozilla.org,Female,Thailand
